<?xml version="1.0" encoding="UTF-8"?><?xml-stylesheet type='text/xsl' href='_UpgradeReport_Files/UpgradeReport.xslt'?><UpgradeLog>
<Properties><Property Name="Solution" Value="Exercise7">
</Property><Property Name="Solution File" Value="C:\Uddannelse\DNP1\Exercises\Solutions\Exercise7\Exercise7.sln">
</Property><Property Name="User Options File" Value="C:\Uddannelse\DNP1\Exercises\Solutions\Exercise7\Exercise7.suo">
</Property><Property Name="Date" Value="28. februar 2011">
</Property><Property Name="Time" Value="15:21">
</Property></Properties><Event ErrorLevel="0" Project="" Source="Exercise7.sln" Description="File successfully backed up as C:\Uddannelse\DNP1\Exercises\Solutions\Exercise7\Backup\Exercise7.sln">
</Event><Event ErrorLevel="0" Project="" Source="Exercise7.suo" Description="File successfully backed up as C:\Uddannelse\DNP1\Exercises\Solutions\Exercise7\Backup\Exercise7.suo">
</Event><Event ErrorLevel="0" Project="Exercise7" Source="Exercise7\Exercise7.csproj" Description="Project file successfully backed up as C:\Uddannelse\DNP1\Exercises\Solutions\Exercise7\Backup\Exercise7\Exercise7.csproj">
</Event><Event ErrorLevel="0" Project="Exercise7" Source="Exercise7\Program.cs" Description="File successfully backed up as C:\Uddannelse\DNP1\Exercises\Solutions\Exercise7\Backup\Exercise7\Program.cs">
</Event><Event ErrorLevel="0" Project="Exercise7" Source="Exercise7\Properties\AssemblyInfo.cs" Description="File successfully backed up as C:\Uddannelse\DNP1\Exercises\Solutions\Exercise7\Backup\Exercise7\Properties\AssemblyInfo.cs">
</Event><Event ErrorLevel="0" Project="Exercise7" Source="Exercise7\Exercise7.csproj" Description="Project converted successfully">
</Event><Event ErrorLevel="3" Project="Exercise7" Source="Exercise7\Exercise7.csproj" Description="Converted">
</Event><Event ErrorLevel="0" Project="" Source="Exercise7.sln" Description="Solution converted successfully">
</Event><Event ErrorLevel="3" Project="" Source="Exercise7.sln" Description="Converted">
</Event><Event ErrorLevel="0" Project="Exercise7" Source="Exercise7\Exercise7.csproj" Description="Scan complete: Upgrade not required for project files.">
</Event></UpgradeLog>