<?xml version="1.0" encoding="UTF-8"?><?xml-stylesheet type='text/xsl' href='_UpgradeReport_Files/UpgradeReport.xslt'?><UpgradeLog>
<Properties><Property Name="Solution" Value="Exercise3">
</Property><Property Name="Solution File" Value="C:\Uddannelse\DNP1\Exercises\Solutions\Exercise3\Exercise3.sln">
</Property><Property Name="Date" Value="20. februar 2011">
</Property><Property Name="Time" Value="22:22">
</Property><Property Name="Log Number" Value="2">
</Property></Properties><Event ErrorLevel="1" Project="ConsoleApplication1" Source="ConsoleApplication1\ConsoleApplication1.csproj" Description="Your project is targeting .NET Framework 2.0 or 3.0. If your project uses assemblies requiring a newer .NET Framework, your project will fail to build. You can change the .NET Framework version by clicking Properties on the project menu and then selecting a new version in the '.NET Framework' dropdown box. (In Visual Basic, this is located on the Compile tab by clicking the 'Advanced Compiler Options...' button.)">
</Event><Event ErrorLevel="0" Project="ConsoleApplication1" Source="ConsoleApplication1\ConsoleApplication1.csproj" Description="Project converted successfully">
</Event><Event ErrorLevel="3" Project="ConsoleApplication1" Source="ConsoleApplication1\ConsoleApplication1.csproj" Description="Converted">
</Event><Event ErrorLevel="0" Project="" Source="Exercise3.sln" Description="Solution converted successfully">
</Event><Event ErrorLevel="3" Project="" Source="Exercise3.sln" Description="Converted">
</Event><Event ErrorLevel="0" Project="ConsoleApplication1" Source="ConsoleApplication1\ConsoleApplication1.csproj" Description="Scan complete: Upgrade not required for project files.">
</Event></UpgradeLog>