<?xml version="1.0" encoding="UTF-8"?><?xml-stylesheet type='text/xsl' href='_UpgradeReport_Files/UpgradeReport.xslt'?><UpgradeLog>
<Properties><Property Name="Solution" Value="Exercise8">
</Property><Property Name="Solution File" Value="C:\Uddannelse\DNP1 Spring 2012\Exercises\Solutions\Exercise8\Exercise8.sln">
</Property><Property Name="User Options File" Value="C:\Uddannelse\DNP1 Spring 2012\Exercises\Solutions\Exercise8\Exercise8.suo">
</Property><Property Name="Date" Value="12. marts 2012">
</Property><Property Name="Time" Value="16:18">
</Property></Properties><Event ErrorLevel="0" Project="" Source="Exercise8.sln" Description="File successfully backed up as C:\Uddannelse\DNP1 Spring 2012\Exercises\Solutions\Exercise8\Backup\Exercise8.sln">
</Event><Event ErrorLevel="0" Project="" Source="Exercise8.suo" Description="File successfully backed up as C:\Uddannelse\DNP1 Spring 2012\Exercises\Solutions\Exercise8\Backup\Exercise8.suo">
</Event><Event ErrorLevel="0" Project="Exercise8" Source="Exercise8\Exercise8.csproj" Description="Project file successfully backed up as C:\Uddannelse\DNP1 Spring 2012\Exercises\Solutions\Exercise8\Backup\Exercise8\Exercise8.csproj">
</Event><Event ErrorLevel="0" Project="Exercise8" Source="Exercise8\Program.cs" Description="File successfully backed up as C:\Uddannelse\DNP1 Spring 2012\Exercises\Solutions\Exercise8\Backup\Exercise8\Program.cs">
</Event><Event ErrorLevel="0" Project="Exercise8" Source="Exercise8\Properties\AssemblyInfo.cs" Description="File successfully backed up as C:\Uddannelse\DNP1 Spring 2012\Exercises\Solutions\Exercise8\Backup\Exercise8\Properties\AssemblyInfo.cs">
</Event><Event ErrorLevel="0" Project="Exercise8" Source="Exercise8\Exercise8.csproj" Description="Project converted successfully">
</Event><Event ErrorLevel="3" Project="Exercise8" Source="Exercise8\Exercise8.csproj" Description="Converted">
</Event><Event ErrorLevel="0" Project="" Source="Exercise8.sln" Description="Solution converted successfully">
</Event><Event ErrorLevel="3" Project="" Source="Exercise8.sln" Description="Converted">
</Event><Event ErrorLevel="0" Project="Exercise8" Source="Exercise8\Exercise8.csproj" Description="Scan complete: Upgrade not required for project files.">
</Event></UpgradeLog>